CAMPIONI.MASSHUNTER;CAMPIONI.R
CO10A1M.D;CO10A1m
CO10A2M.D;CO10A2m
CO10A3M.D;CO10A3m
CO10B1M.D;CO10B1m
CO10B2M.D;CO10B2m
CO10B3 M RICORSO.D;CO10B3m
CO10B3 M.D;CO10B3m
CO10C1M.D;CO10C1m
CO10C2M.D;CO10C2m
CO10C3M.D;CO10C3m
CO9A1M.D;CO09A1m
CO9A2M.D;CO09A2m
CO9A3M.D;CO09A3m
CO9B1 M.D;CO09B1m
CO9B2M.D;CO09B2m
CO9B3M.D;CO09B3m
CO9C1M FORSE.D;CO09C1m
CO9C1M.D;CO09C1m
CO9C1MR.D;CO09C1m
CO9C2M.D;CO09C2m
CO9C3MR.D;CO09C3m
MIX SOIL.D;MS00D0m
OO2A1M.D;OO02A1m
OO2A2M.D;OO02A2m
OO2A3M.D;OO02A3m
OO2B1 M.D;OO02B1m
OO2B1 RICORSO M.D;OO02B1m
OO2B2M.D;OO02B2m
OO2B3 M.D;OO02B3m
OO2C1M.D;OO02C1m
OO2C2M.D;OO02C2m
OO2C3M.D;OO02C3m
OO4A1M.D;OO04A1m
OO4A2M.D;OO04A2m
OO4A3M.D;OO04A3m
OO4B1M.D;OO04B1m
OO4B2 M.D;OO04B2m
OO4B3M.D;OO04B3m
OO4C1M.D;OO04C1m
OO4C2M.D;OO04C2m
OO4C3M.D;OO04C3m
STD BAME DIL 100 M.D;STD BAME DIL 100 M
STD BAME DIL 20 M.D;STD BAME DIL 20 M
STD BAME DIL 200 M.D;STD BAME DIL 200 M
STD BAME DIL 300 M.D;STD BAME DIL 300 M
STD BAME DIL 50.D;STD BAME DIL 50 M
STD BAME DIL 500 M.D;STD BAME DIL 500 M
